asset_id,classification,episode,scene,shot,asset_group,source_or_target,status,priority,gate,notes
REF_CHAR_TSUKI,CHARACTER_REFERENCE,EP01,,,reference,assets/references/characters/TSUKI_AMDK_CHAR_TSUKI_MASTER_V001.jpeg,READY,HIGH,A,Locked identity for Tsuki
REF_CHAR_SIMBA,CHARACTER_REFERENCE,EP01,,,reference,assets/references/characters/TSUKI_AMDK_CHAR_SIMBA_MASTER_V001.jpg,READY,HIGH,A,Locked identity for Simba
REF_LOC_KITCHEN_NORTH,LOCATION_REFERENCE,EP01,,,reference,assets/references/locations/TSUKI_AMDK_KITCHEN_Norte.png,READY,HIGH,A,North window line
REF_LOC_KITCHEN_SOUTH,LOCATION_REFERENCE,EP01,,,reference,assets/references/locations/TSUKI_AMDK_KITCHEN_Sul.png,READY,MEDIUM,A,Entry line
REF_LOC_KITCHEN_WEST,LOCATION_REFERENCE,EP01,,,reference,assets/references/locations/TSUKI_AMDK_KITCHEN_Oeste.png,READY,HIGH,A,EP01 evidence axis
REF_PROP_BOWL,OBJECT_REFERENCE,EP01,,,reference,assets/references/props/TSUKI_AMDK_PROP_BISCUIT_BOWL.jpeg,READY,HIGH,A,Primary bowl reference
REF_PROP_BOWL_MACRO,OBJECT_REFERENCE,EP01,,,reference,assets/references/props/TSUKI_AMDK_PROP_BISCUIT_BOWL_MACRO.jpeg,READY,HIGH,A,Macro bowl reference
REF_PROP_BISCUIT,OBJECT_REFERENCE,EP01,,,reference,assets/references/props/TSUKI_AMDK_PROP_DOG_BISCUIT_MASTER.jpeg,READY,MEDIUM,A,Canonical biscuit reference
REF_PROP_FOLDER_CLOSED,OBJECT_REFERENCE,EP01,,,reference,assets/references/props/TSUKI_AMDK_PROP_CASE_FOLDER.jpeg,READY,HIGH,A,Dossier closed state
REF_PROP_FOLDER_OPEN,OBJECT_REFERENCE,EP01,,,reference,assets/references/props/TSUKI_AMDK_PROP_CASE_FOLDER_OPEN.jpeg,READY,HIGH,A,Dossier open state
REF_PROP_FOLDER_STAMPED,OBJECT_REFERENCE,EP01,,,reference,assets/references/props/TSUKI_AMDK_PROP_CASE_FOLDER_W_RUBBER.jpeg,READY,HIGH,A,Dossier stamped state
KF_SH001_START,KEYFRAME,EP01,S01,SH001,still,TSUKI_AMDK_E01_S01_SH001_START_V001.png,LOCKED,HIGH,B,Dossier label macro locked for motion
KF_SH001_END,KEYFRAME,EP01,S01,SH001,still,TSUKI_AMDK_E01_S01_SH001_END_V001.png,LOCKED,HIGH,B,Dossier open reveal locked for motion
KF_SH002_END,KEYFRAME,EP01,S01,SH002,still,TSUKI_AMDK_E01_S01_SH002_END_V002.png,LOCKED,HIGH,B,Scale-corrected hold frame selected
KF_SH003_START,KEYFRAME,EP01,S01,SH003,still,TSUKI_AMDK_E01_S01_SH003_START_V001.png,REVIEW,MEDIUM,B,Usable provisional start frame pending optional scale recheck
KF_SH003_END,KEYFRAME,EP01,S01,SH003,still,TSUKI_AMDK_E01_S01_SH003_END_V002.png,LOCKED,HIGH,B,Scale-corrected forensic inspection selected
KF_SH004_START,KEYFRAME,EP01,S01,SH004,still,TSUKI_AMDK_E01_S01_SH004_START_V001.png,LOCKED,MEDIUM,B,Perimeter macro zero crumbs locked
KF_SH004_END,KEYFRAME,EP01,S01,SH004,still,TSUKI_AMDK_E01_S01_SH004_END_V001.png,LOCKED,MEDIUM,B,Perimeter scan confirmation locked
KF_SH005_START,KEYFRAME,EP01,S02,SH005,still,TSUKI_AMDK_E01_S02_SH005_START_V002.png,LOCKED,HIGH,B,Preferred interrogation setup with scale lock
KF_SH005_END,KEYFRAME,EP01,S02,SH005,still,TSUKI_AMDK_E01_S02_SH005_END_V001.png,LOCKED,MEDIUM,B,Push-in compression locked
KF_SH006_START,KEYFRAME,EP01,S02,SH006,still,TSUKI_AMDK_E01_S02_SH006_START_V001.png,LOCKED,MEDIUM,B,Simba eyes open locked
KF_SH006_END,KEYFRAME,EP01,S02,SH006,still,TSUKI_AMDK_E01_S02_SH006_END_V001.png,LOCKED,MEDIUM,B,Slow blink frame locked
KF_SH007_START,KEYFRAME,EP01,S02,SH007,still,TSUKI_AMDK_E01_S02_SH007_START_V002.png,LOCKED,HIGH,B,Counter-shot lock with clear upward eyeline
KF_SH007_END,KEYFRAME,EP01,S02,SH007,still,TSUKI_AMDK_E01_S02_SH007_END_V002.png,LOCKED,HIGH,B,Continuity lock with micro-tilt preserved
KF_SH008_START,KEYFRAME,EP01,S03,SH008,still,TSUKI_AMDK_E01_S03_SH008_START_V001.png,LOCKED,HIGH,B,Vigil start frame locked
KF_SH008_END,KEYFRAME,EP01,S03,SH008,still,TSUKI_AMDK_E01_S03_SH008_END_V001.png,LOCKED,MEDIUM,B,Dusk progression locked
KF_SH009_START,KEYFRAME,EP01,S03,SH009,still,TSUKI_AMDK_E01_S03_SH009_START_V001.png,LOCKED,MEDIUM,B,Dossier open before close locked
KF_SH009_END,KEYFRAME,EP01,S03,SH009,still,TSUKI_AMDK_E01_S03_SH009_END_V001.png,LOCKED,HIGH,B,Final stamped frame locked
VID_SH001_TAKE01,VIDEO_SOURCE,EP01,S01,SH001,motion,TSUKI_AMDK_E01_S01_SH001_TAKE01_V001.mp4,READY,HIGH,C,Batch 01 prompt prepared for dossier open with zoom out
VID_SH002_TAKE01,VIDEO_SOURCE,EP01,S01,SH002,motion,TSUKI_AMDK_E01_S01_SH002_TAKE01_V001.mp4,READY,MEDIUM,C,Batch 03 prompt prepared for entry shot
VID_SH003_TAKE01,VIDEO_SOURCE,EP01,S01,SH003,motion,TSUKI_AMDK_E01_S01_SH003_TAKE01_V001.mp4,REVIEW,HIGH,C,Batch 03 prompt prepared but still depends on held start frame
VID_SH004_TAKE01,VIDEO_SOURCE,EP01,S01,SH004,motion,TSUKI_AMDK_E01_S01_SH004_TAKE01_V001.mp4,READY,MEDIUM,C,Batch 01 prompt prepared for macro perimeter hold
VID_SH005_TAKE01,VIDEO_SOURCE,EP01,S02,SH005,motion,TSUKI_AMDK_E01_S02_SH005_TAKE01_V001.mp4,READY,HIGH,C,Batch 02 prompt prepared for silent interrogation
VID_SH006_TAKE01,VIDEO_SOURCE,EP01,S02,SH006,motion,TSUKI_AMDK_E01_S02_SH006_TAKE01_V001.mp4,READY,HIGH,C,Batch 01 prompt prepared for slow blink beat
VID_SH007_TAKE01,VIDEO_SOURCE,EP01,S02,SH007,motion,TSUKI_AMDK_E01_S02_SH007_TAKE01_V001.mp4,READY,MEDIUM,C,Batch 02 prompt prepared for 2mm tilt beat
VID_SH008_TAKE01,VIDEO_SOURCE,EP01,S03,SH008,motion,TSUKI_AMDK_E01_S03_SH008_TAKE01_V001.mp4,READY,HIGH,C,Batch 03 prompt prepared for vigil wide shot
VID_SH009_TAKE01,VIDEO_SOURCE,EP01,S03,SH009,motion,TSUKI_AMDK_E01_S03_SH009_TAKE01_V001.mp4,READY,HIGH,C,Batch 01 prompt prepared for close dossier with push in
VO_TSUKI_01,AUDIO_REFERENCE,EP01,S01,SH002-SH003,audio,TSUKI_AMDK_E01_VO_TSUKI_01_PT.wav,REVIEW,HIGH,D,Object catalogued and missing
VO_TSUKI_02,AUDIO_REFERENCE,EP01,S01,SH004,audio,TSUKI_AMDK_E01_VO_TSUKI_02_PT.wav,REVIEW,HIGH,D,Forensic perimeter narration
VO_TSUKI_03,AUDIO_REFERENCE,EP01,S02,SH005-SH006,audio,TSUKI_AMDK_E01_VO_TSUKI_03_PT.wav,REVIEW,HIGH,D,Primary suspect narration
VO_TSUKI_04,AUDIO_REFERENCE,EP01,S03,SH008,audio,TSUKI_AMDK_E01_VO_TSUKI_04_PT.wav,REVIEW,MEDIUM,D,Vigilance report
VO_SIMBA_01,AUDIO_REFERENCE,EP01,S02,SH006,audio,TSUKI_AMDK_E01_VO_SIMBA_01_PT.wav,REVIEW,HIGH,D,Truth withheld part 1
VO_SIMBA_02,AUDIO_REFERENCE,EP01,S02,SH007,audio,TSUKI_AMDK_E01_VO_SIMBA_02_PT.wav,REVIEW,MEDIUM,D,Truth withheld part 2
AUD_ROOM_BASE,AUDIO_REFERENCE,EP01,,,audio,TSUKI_AMDK_E01_ROOM_BASE_V001.wav,TODO,MEDIUM,D,Kitchen room tone
AUD_FOLEY_PAWS_SNIFF,AUDIO_REFERENCE,EP01,,,audio,TSUKI_AMDK_E01_FOLEY_PAWS_SNIFF_V001.wav,TODO,MEDIUM,D,Paws sniff breaths bowl movement if needed
AUD_MUS_PIANO_MINOR,AUDIO_REFERENCE,EP01,,,audio,TSUKI_AMDK_E01_MUS_PIANO_MINOR_V001.wav,TODO,MEDIUM,D,Restrained minor piano stem
EDIT_ASSEMBLY_01,MASTER,EP01,,,edit,TSUKI_AMDK_E01_ASSEMBLY_V001,READY,HIGH,E,Pre-assembly blueprint prepared and still-based assembly can begin
MASTER_REVIEW_01,MASTER,EP01,,,delivery,TSUKI_AMDK_E01_MASTER_REVIEW_V001.mp4,TODO,HIGH,E,Review export
MASTER_LOCKED_01,MASTER,EP01,,,delivery,TSUKI_AMDK_E01_MASTER_LOCKED_V001.mov,TODO,HIGH,E,Final locked export
MASTER_SUBS_PT_01,MASTER,EP01,,,delivery,TSUKI_AMDK_E01_MASTER_SUBS_PT_V001.mp4,TODO,MEDIUM,E,Portuguese subtitled master
